{"episode reward": 2001, "_timestamp": 1657110469, "_runtime": 51, "_step": 27799, "Average reward": 877.4080225790844, "actor loss": 9594.02734375, "critic loss": 1565.4898681640625, "loss": 11159.517578125, "gradients/value_head.bias": {"_type": "histogram", "values": [0.0, 0.0, 0.0, 0.0, 0.0, 0.0, 0.0, 0.0, 0.0, 0.0, 0.0, 0.0, 0.0, 0.0, 0.0, 0.0, 0.0, 0.0, 0.0, 0.0, 0.0, 0.0, 0.0, 0.0, 0.0, 0.0, 0.0, 0.0, 0.0, 0.0, 0.0, 1.0, 0.0, 0.0, 0.0, 0.0, 0.0, 0.0, 0.0, 0.0, 0.0, 0.0, 0.0, 0.0, 0.0, 0.0, 0.0, 0.0, 0.0, 0.0, 0.0, 0.0, 0.0, 0.0, 0.0, 0.0, 0.0, 0.0, 0.0, 0.0, 0.0, 0.0, 0.0, 0.0], "bins": [-7.044912815093994, -7.044912815093994, -7.044912815093994, -7.044912815093994, -7.044912815093994, -7.044912815093994, -7.044912815093994, -7.044912815093994, -7.044912815093994, -7.044912815093994, -7.044912815093994, -7.044912815093994, -7.044912815093994, -7.044912815093994, -7.044912815093994, -7.044912815093994, -7.044912815093994, -7.044912815093994, -7.044912815093994, -7.044912815093994, -7.044912815093994, -7.044912815093994, -7.044912815093994, -7.044912815093994, -7.044912815093994, -7.044912815093994, -7.044912815093994, -7.044912815093994, -7.044912815093994, -7.044912815093994, -7.044912815093994, -7.044912815093994, -7.044912815093994, -7.044912815093994, -7.044912815093994, -7.044912815093994, -7.044912815093994, -7.044912815093994, -7.044912815093994, -7.044912815093994, -7.044912815093994, -7.044912815093994, -7.044912815093994, -7.044912815093994, -7.044912815093994, -7.044912815093994, -7.044912815093994, -7.044912815093994, -7.044912815093994, -7.044912815093994, -7.044912815093994, -7.044912815093994, -7.044912815093994, -7.044912815093994, -7.044912815093994, -7.044912815093994, -7.044912815093994, -7.044912815093994, -7.044912815093994, -7.044912815093994, -7.044912815093994, -7.044912815093994, -7.044912815093994, -7.044912815093994, -7.044912815093994]}, "gradients/value_head.weight": {"_type": "histogram", "values": [1.0, 0.0, 0.0, 0.0, 0.0, 0.0, 0.0, 0.0, 0.0, 0.0, 0.0, 0.0, 0.0, 0.0, 1.0, 0.0, 0.0, 0.0, 0.0, 0.0, 0.0, 0.0, 0.0, 0.0, 0.0, 0.0, 0.0, 1.0, 0.0, 0.0, 0.0, 0.0, 0.0, 0.0, 0.0, 0.0, 0.0, 0.0, 0.0, 0.0, 0.0, 0.0, 0.0, 0.0, 0.0, 0.0, 0.0, 0.0, 0.0, 0.0, 0.0, 1.0, 0.0, 0.0, 0.0, 0.0, 0.0, 0.0, 0.0, 0.0, 1.0, 0.0, 2.0, 249.0], "bins": [-1.6109565496444702, -1.585573673248291, -1.5601907968521118, -1.5348079204559326, -1.5094249248504639, -1.4840420484542847, -1.4586591720581055, -1.4332762956619263, -1.407893419265747, -1.3825105428695679, -1.3571276664733887, -1.3317447900772095, -1.3063619136810303, -1.2809789180755615, -1.2555960416793823, -1.2302131652832031, -1.204830288887024, -1.1794474124908447, -1.1540645360946655, -1.1286816596984863, -1.1032986640930176, -1.0779157876968384, -1.0525329113006592, -1.02715003490448, -1.0017671585083008, -0.9763842821121216, -0.9510014057159424, -0.9256184697151184, -0.9002355933189392, -0.87485271692276, -0.849469780921936, -0.8240869045257568, -0.7987039685249329, -0.7733210921287537, -0.7479381561279297, -0.7225552797317505, -0.6971724033355713, -0.6717895269393921, -0.6464066505432129, -0.6210237145423889, -0.5956408381462097, -0.5702579617500305, -0.5448750257492065, -0.5194921493530273, -0.49410927295684814, -0.46872639656066895, -0.44334349036216736, -0.41796058416366577, -0.39257773756980896, -0.3671948313713074, -0.3418119549751282, -0.316429078578949, -0.2910461723804474, -0.2656632661819458, -0.2402803897857666, -0.2148974984884262, -0.18951460719108582, -0.16413171589374542, -0.13874882459640503, -0.11336593329906464, -0.08798304200172424, -0.06260015070438385, -0.03721725940704346, -0.011834368109703064, 0.013548526912927628]}, "gradients/log_std": {"_type": "histogram", "values": [0.0, 0.0, 0.0, 0.0, 0.0, 0.0, 0.0, 0.0, 0.0, 0.0, 0.0, 0.0, 0.0, 0.0, 0.0, 0.0, 0.0, 0.0, 0.0, 0.0, 0.0, 0.0, 0.0, 0.0, 0.0, 0.0, 0.0, 0.0, 0.0, 0.0, 0.0, 0.0, 1.0, 0.0, 0.0, 0.0, 0.0, 0.0, 0.0, 0.0, 0.0, 0.0, 0.0, 0.0, 0.0, 0.0, 0.0, 0.0, 0.0, 0.0, 0.0, 0.0, 0.0, 0.0, 0.0, 0.0, 0.0, 0.0, 0.0, 0.0, 0.0, 0.0, 0.0, 0.0], "bins": [5.491617679595947, 5.491617679595947, 5.491617679595947, 5.491617679595947, 5.491617679595947, 5.491617679595947, 5.491617679595947, 5.491617679595947, 5.491617679595947, 5.491617679595947, 5.491617679595947, 5.491617679595947, 5.491617679595947, 5.491617679595947, 5.491617679595947, 5.491617679595947, 5.491617679595947, 5.491617679595947, 5.491617679595947, 5.491617679595947, 5.491617679595947, 5.491617679595947, 5.491617679595947, 5.491617679595947, 5.491617679595947, 5.491617679595947, 5.491617679595947, 5.491617679595947, 5.491617679595947, 5.491617679595947, 5.491617679595947, 5.491617679595947, 5.491617679595947, 5.491617679595947, 5.491617679595947, 5.491617679595947, 5.491617679595947, 5.491617679595947, 5.491617679595947, 5.491617679595947, 5.491617679595947, 5.491617679595947, 5.491617679595947, 5.491617679595947, 5.491617679595947, 5.491617679595947, 5.491617679595947, 5.491617679595947, 5.491617679595947, 5.491617679595947, 5.491617679595947, 5.491617679595947, 5.491617679595947, 5.491617679595947, 5.491617679595947, 5.491617679595947, 5.491617679595947, 5.491617679595947, 5.491617679595947, 5.491617679595947, 5.491617679595947, 5.491617679595947, 5.491617679595947, 5.491617679595947, 5.491617679595947]}, "gradients/action_head.bias": {"_type": "histogram", "values": [0.0, 0.0, 0.0, 0.0, 0.0, 0.0, 0.0, 0.0, 0.0, 0.0, 0.0, 0.0, 0.0, 0.0, 0.0, 0.0, 0.0, 0.0, 0.0, 0.0, 0.0, 0.0, 0.0, 0.0, 0.0, 0.0, 0.0, 0.0, 0.0, 0.0, 0.0, 0.0, 1.0, 0.0, 0.0, 0.0, 0.0, 0.0, 0.0, 0.0, 0.0, 0.0, 0.0, 0.0, 0.0, 0.0, 0.0, 0.0, 0.0, 0.0, 0.0, 0.0, 0.0, 0.0, 0.0, 0.0, 0.0, 0.0, 0.0, 0.0, 0.0, 0.0, 0.0, 0.0], "bins": [-1.3307552337646484, -1.3307552337646484, -1.3307552337646484, -1.3307552337646484, -1.3307552337646484, -1.3307552337646484, -1.3307552337646484, -1.3307552337646484, -1.3307552337646484, -1.3307552337646484, -1.3307552337646484, -1.3307552337646484, -1.3307552337646484, -1.3307552337646484, -1.3307552337646484, -1.3307552337646484, -1.3307552337646484, -1.3307552337646484, -1.3307552337646484, -1.3307552337646484, -1.3307552337646484, -1.3307552337646484, -1.3307552337646484, -1.3307552337646484, -1.3307552337646484, -1.3307552337646484, -1.3307552337646484, -1.3307552337646484, -1.3307552337646484, -1.3307552337646484, -1.3307552337646484, -1.3307552337646484, -1.3307552337646484, -1.3307552337646484, -1.3307552337646484, -1.3307552337646484, -1.3307552337646484, -1.3307552337646484, -1.3307552337646484, -1.3307552337646484, -1.3307552337646484, -1.3307552337646484, -1.3307552337646484, -1.3307552337646484, -1.3307552337646484, -1.3307552337646484, -1.3307552337646484, -1.3307552337646484, -1.3307552337646484, -1.3307552337646484, -1.3307552337646484, -1.3307552337646484, -1.3307552337646484, -1.3307552337646484, -1.3307552337646484, -1.3307552337646484, -1.3307552337646484, -1.3307552337646484, -1.3307552337646484, -1.3307552337646484, -1.3307552337646484, -1.3307552337646484, -1.3307552337646484, -1.3307552337646484, -1.3307552337646484]}, "gradients/action_head.weight": {"_type": "histogram", "values": [1.0, 0.0, 0.0, 0.0, 0.0, 0.0, 0.0, 0.0, 0.0, 0.0, 0.0, 0.0, 0.0, 0.0, 0.0, 0.0, 0.0, 0.0, 0.0, 0.0, 0.0, 0.0, 0.0, 0.0, 0.0, 0.0, 0.0, 0.0, 0.0, 0.0, 0.0, 0.0, 0.0, 0.0, 0.0, 0.0, 0.0, 0.0, 1.0, 0.0, 0.0, 0.0, 0.0, 0.0, 0.0, 0.0, 0.0, 0.0, 0.0, 1.0, 1.0, 0.0, 0.0, 0.0, 0.0, 0.0, 0.0, 0.0, 0.0, 0.0, 0.0, 1.0, 0.0, 251.0],