{"episode reward": 43, "_timestamp": 1657110800, "_runtime": 174, "_step": 49999, "Average reward": 36.36146340252891, "actor loss": -28.972658157348633, "critic loss": 5.419546127319336, "loss": -23.553112030029297, "gradients/value_head.bias": {"_type": "histogram", "values": [0.0, 0.0, 0.0, 0.0, 0.0, 0.0, 0.0, 0.0, 0.0, 0.0, 0.0, 0.0, 0.0, 0.0, 0.0, 0.0, 0.0, 0.0, 0.0, 0.0, 0.0, 0.0, 0.0, 0.0, 0.0, 0.0, 0.0, 0.0, 0.0, 0.0, 0.0, 0.0, 1.0, 0.0, 0.0, 0.0, 0.0, 0.0, 0.0, 0.0, 0.0, 0.0, 0.0, 0.0, 0.0, 0.0, 0.0, 0.0, 0.0, 0.0, 0.0, 0.0, 0.0, 0.0, 0.0, 0.0, 0.0, 0.0, 0.0, 0.0, 0.0, 0.0, 0.0, 0.0], "bins": [16.744731903076172, 16.744731903076172, 16.744731903076172, 16.744731903076172, 16.744731903076172, 16.744731903076172, 16.744731903076172, 16.744731903076172, 16.744731903076172, 16.744731903076172, 16.744731903076172, 16.744731903076172, 16.744731903076172, 16.744731903076172, 16.744731903076172, 16.744731903076172, 16.744731903076172, 16.744731903076172, 16.744731903076172, 16.744731903076172, 16.744731903076172, 16.744731903076172, 16.744731903076172, 16.744731903076172, 16.744731903076172, 16.744731903076172, 16.744731903076172, 16.744731903076172, 16.744731903076172, 16.744731903076172, 16.744731903076172, 16.744731903076172, 16.744731903076172, 16.744731903076172, 16.744731903076172, 16.744731903076172, 16.744731903076172, 16.744731903076172, 16.744731903076172, 16.744731903076172, 16.744731903076172, 16.744731903076172, 16.744731903076172, 16.744731903076172, 16.744731903076172, 16.744731903076172, 16.744731903076172, 16.744731903076172, 16.744731903076172, 16.744731903076172, 16.744731903076172, 16.744731903076172, 16.744731903076172, 16.744731903076172, 16.744731903076172, 16.744731903076172, 16.744731903076172, 16.744731903076172, 16.744731903076172, 16.744731903076172, 16.744731903076172, 16.744731903076172, 16.744731903076172, 16.744731903076172, 16.744731903076172]}, "gradients/value_head.weight": {"_type": "histogram", "values": [250.0, 1.0, 1.0, 0.0, 1.0, 0.0, 0.0, 0.0, 0.0, 0.0, 0.0, 0.0, 0.0, 0.0, 0.0, 0.0, 0.0, 0.0, 0.0, 0.0, 0.0, 0.0, 0.0, 0.0, 0.0, 0.0, 0.0, 0.0, 1.0, 0.0, 0.0, 0.0, 0.0, 0.0, 0.0, 0.0, 0.0, 0.0, 0.0, 0.0, 0.0, 0.0, 0.0, 1.0, 0.0, 0.0, 0.0, 0.0, 0.0, 0.0, 0.0, 0.0, 0.0, 0.0, 0.0, 0.0, 0.0, 0.0, 0.0, 0.0, 0.0, 0.0, 0.0, 1.0], "bins": [0.0, 0.2795937657356262, 0.5591875314712524, 0.8387812972068787, 1.1183750629425049, 1.3979687690734863, 1.6775625944137573, 1.9571564197540283, 2.2367501258850098, 2.516343832015991, 2.7959375381469727, 3.075531482696533, 3.3551251888275146, 3.634718894958496, 3.9143128395080566, 4.193906307220459, 4.4735002517700195, 4.75309419631958, 5.032687664031982, 5.312281608581543, 5.591875076293945, 5.871469020843506, 6.151062965393066, 6.430656433105469, 6.710250377655029, 6.98984432220459, 7.269437789916992, 7.549031734466553, 7.828625679016113, 8.108219146728516, 8.387812614440918, 8.667407035827637, 8.947000503540039, 9.226593971252441, 9.50618839263916, 9.785781860351562, 10.065375328063965, 10.344969749450684, 10.624563217163086, 10.904156684875488, 11.18375015258789, 11.463343620300293, 11.742938041687012, 12.022531509399414, 12.302124977111816, 12.581719398498535, 12.861312866210938, 13.14090633392334, 13.420500755310059, 13.700094223022461, 13.97968864440918, 14.259282112121582, 14.538875579833984, 14.818470001220703, 15.098063468933105, 15.377656936645508, 15.657251358032227, 15.936844825744629, 16.21643829345703, 16.49603271484375, 16.77562713623047, 17.055219650268555, 17.334814071655273, 17.614408493041992, 17.894001007080078]}, "gradients/log_std": {"_type": "histogram", "values": [0.0, 0.0, 0.0, 0.0, 0.0, 0.0, 0.0, 0.0, 0.0, 0.0, 0.0, 0.0, 0.0, 0.0, 0.0, 0.0, 0.0, 0.0, 0.0, 0.0, 0.0, 0.0, 0.0, 0.0, 0.0, 0.0, 0.0, 0.0, 0.0, 0.0, 0.0, 0.0, 1.0, 0.0, 0.0, 0.0, 0.0, 0.0, 0.0, 0.0, 0.0, 0.0, 0.0, 0.0, 0.0, 0.0, 0.0, 0.0, 0.0, 0.0, 0.0, 0.0, 0.0, 0.0, 0.0, 0.0, 0.0, 0.0, 0.0, 0.0, 0.0, 0.0, 0.0, 0.0], "bins": [-6.196805953979492, -6.196805953979492, -6.196805953979492, -6.196805953979492, -6.196805953979492, -6.196805953979492, -6.196805953979492, -6.196805953979492, -6.196805953979492, -6.196805953979492, -6.196805953979492, -6.196805953979492, -6.196805953979492, -6.196805953979492, -6.196805953979492, -6.196805953979492, -6.196805953979492, -6.196805953979492, -6.196805953979492, -6.196805953979492, -6.196805953979492, -6.196805953979492, -6.196805953979492, -6.196805953979492, -6.196805953979492, -6.196805953979492, -6.196805953979492, -6.196805953979492, -6.196805953979492, -6.196805953979492, -6.196805953979492, -6.196805953979492, -6.196805953979492, -6.196805953979492, -6.196805953979492, -6.196805953979492, -6.196805953979492, -6.196805953979492, -6.196805953979492, -6.196805953979492, -6.196805953979492, -6.196805953979492, -6.196805953979492, -6.196805953979492, -6.196805953979492, -6.196805953979492, -6.196805953979492, -6.196805953979492, -6.196805953979492, -6.196805953979492, -6.196805953979492, -6.196805953979492, -6.196805953979492, -6.196805953979492, -6.196805953979492, -6.196805953979492, -6.196805953979492, -6.196805953979492, -6.196805953979492, -6.196805953979492, -6.196805953979492, -6.196805953979492, -6.196805953979492, -6.196805953979492, -6.196805953979492]}, "gradients/action_head.bias": {"_type": "histogram", "values": [0.0, 0.0, 0.0, 0.0, 0.0, 0.0, 0.0, 0.0, 0.0, 0.0, 0.0, 0.0, 0.0, 0.0, 0.0, 0.0, 0.0, 0.0, 0.0, 0.0, 0.0, 0.0, 0.0, 0.0, 0.0, 0.0, 0.0, 0.0, 0.0, 0.0, 0.0, 0.0, 1.0, 0.0, 0.0, 0.0, 0.0, 0.0, 0.0, 0.0, 0.0, 0.0, 0.0, 0.0, 0.0, 0.0, 0.0, 0.0, 0.0, 0.0, 0.0, 0.0, 0.0, 0.0, 0.0, 0.0, 0.0, 0.0, 0.0, 0.0, 0.0, 0.0, 0.0, 0.0], "bins": [1.2609708309173584, 1.2609708309173584, 1.2609708309173584, 1.2609708309173584, 1.2609708309173584, 1.2609708309173584, 1.2609708309173584, 1.2609708309173584, 1.2609708309173584, 1.2609708309173584, 1.2609708309173584, 1.2609708309173584, 1.2609708309173584, 1.2609708309173584, 1.2609708309173584, 1.2609708309173584, 1.2609708309173584, 1.2609708309173584, 1.2609708309173584, 1.2609708309173584, 1.2609708309173584, 1.2609708309173584, 1.2609708309173584, 1.2609708309173584, 1.2609708309173584, 1.2609708309173584, 1.2609708309173584, 1.2609708309173584, 1.2609708309173584, 1.2609708309173584, 1.2609708309173584, 1.2609708309173584, 1.2609708309173584, 1.2609708309173584, 1.2609708309173584, 1.2609708309173584, 1.2609708309173584, 1.2609708309173584, 1.2609708309173584, 1.2609708309173584, 1.2609708309173584, 1.2609708309173584, 1.2609708309173584, 1.2609708309173584, 1.2609708309173584, 1.2609708309173584, 1.2609708309173584, 1.2609708309173584, 1.2609708309173584, 1.2609708309173584, 1.2609708309173584, 1.2609708309173584, 1.2609708309173584, 1.2609708309173584, 1.2609708309173584, 1.2609708309173584, 1.2609708309173584, 1.2609708309173584, 1.2609708309173584, 1.2609708309173584, 1.2609708309173584, 1.2609708309173584, 1.2609708309173584, 1.2609708309173584, 1.2609708309173584]}, "gradients/action_head.weight": {"_type": "histogram", "values": [1.0, 0.0, 0.0, 0.0, 0.0, 0.0, 0.0, 0.0, 0.0, 0.0, 0.0, 0.0, 0.0, 0.0, 1.0, 0.0, 0.0, 0.0, 0.0, 0.0, 0.0, 0.0, 0.0, 0.0, 0.0, 0.0, 1.0, 0.0, 249.0, 0.0, 0.0, 0.0, 0.0, 0.0, 0.0, 0.0, 0.0, 0.0, 1.0, 0.0, 0.0, 0.0, 0.0, 1.0, 0.0, 0.0, 1.0, 0.0, 0.0, 0.0, 0.0, 0.0, 0.0, 0.0, 0.0, 0.0, 0.0, 0.0, 0.0, 0.0, 0.0, 0.0, 0.0, 1.0],