{"episode reward": 36, "_timestamp": 1657110600, "_runtime": 110, "_step": 49999, "Average reward": 34.67735991041968, "actor loss": -1803.285400390625, "critic loss": 1.3263508081436157, "loss": -1801.9591064453125, "gradients/value_head.bias": {"_type": "histogram", "values": [0.0, 0.0, 0.0, 0.0, 0.0, 0.0, 0.0, 0.0, 0.0, 0.0, 0.0, 0.0, 0.0, 0.0, 0.0, 0.0, 0.0, 0.0, 0.0, 0.0, 0.0, 0.0, 0.0, 0.0, 0.0, 0.0, 0.0, 0.0, 0.0, 0.0, 0.0, 0.0, 1.0, 0.0, 0.0, 0.0, 0.0, 0.0, 0.0, 0.0, 0.0, 0.0, 0.0, 0.0, 0.0, 0.0, 0.0, 0.0, 0.0, 0.0, 0.0, 0.0, 0.0, 0.0, 0.0, 0.0, 0.0, 0.0, 0.0, 0.0, 0.0, 0.0, 0.0, 0.0], "bins": [8.932098388671875, 8.932098388671875, 8.932098388671875, 8.932098388671875, 8.932098388671875, 8.932098388671875, 8.932098388671875, 8.932098388671875, 8.932098388671875, 8.932098388671875, 8.932098388671875, 8.932098388671875, 8.932098388671875, 8.932098388671875, 8.932098388671875, 8.932098388671875, 8.932098388671875, 8.932098388671875, 8.932098388671875, 8.932098388671875, 8.932098388671875, 8.932098388671875, 8.932098388671875, 8.932098388671875, 8.932098388671875, 8.932098388671875, 8.932098388671875, 8.932098388671875, 8.932098388671875, 8.932098388671875, 8.932098388671875, 8.932098388671875, 8.932098388671875, 8.932098388671875, 8.932098388671875, 8.932098388671875, 8.932098388671875, 8.932098388671875, 8.932098388671875, 8.932098388671875, 8.932098388671875, 8.932098388671875, 8.932098388671875, 8.932098388671875, 8.932098388671875, 8.932098388671875, 8.932098388671875, 8.932098388671875, 8.932098388671875, 8.932098388671875, 8.932098388671875, 8.932098388671875, 8.932098388671875, 8.932098388671875, 8.932098388671875, 8.932098388671875, 8.932098388671875, 8.932098388671875, 8.932098388671875, 8.932098388671875, 8.932098388671875, 8.932098388671875, 8.932098388671875, 8.932098388671875, 8.932098388671875]}, "gradients/value_head.weight": {"_type": "histogram", "values": [226.0, 3.0, 2.0, 1.0, 1.0, 1.0, 0.0, 1.0, 0.0, 0.0, 0.0, 0.0, 0.0, 0.0, 0.0, 0.0, 1.0, 0.0, 0.0, 1.0, 0.0, 1.0, 0.0, 1.0, 0.0, 1.0, 0.0, 0.0, 0.0, 0.0, 0.0, 1.0, 0.0, 0.0, 0.0, 0.0, 0.0, 1.0, 1.0, 1.0, 0.0, 1.0, 0.0, 1.0, 0.0, 1.0, 1.0, 0.0, 1.0, 0.0, 0.0, 0.0, 1.0, 0.0, 0.0, 0.0, 1.0, 0.0, 0.0, 0.0, 1.0, 2.0, 0.0, 2.0], "bins": [-0.04740075021982193, 0.3960956335067749, 0.8395919799804688, 1.2830883264541626, 1.726584792137146, 2.17008113861084, 2.6135776042938232, 3.0570738315582275, 3.500570297241211, 3.9440667629241943, 4.387563228607178, 4.831059455871582, 5.274555683135986, 5.718052387237549, 6.161548614501953, 6.605044841766357, 7.048541069030762, 7.492037296295166, 7.9355340003967285, 8.379030227661133, 8.822526931762695, 9.266022682189941, 9.709519386291504, 10.153016090393066, 10.596512794494629, 11.040009498596191, 11.483505249023438, 11.927001953125, 12.370498657226562, 12.813994407653809, 13.257491111755371, 13.700987815856934, 14.144482612609863, 14.587979316711426, 15.031475067138672, 15.474971771240234, 15.918468475341797, 16.36196517944336, 16.80545997619629, 17.24895668029785, 17.692453384399414, 18.135950088500977, 18.57944679260254, 19.02294158935547, 19.46643829345703, 19.909934997558594, 20.353431701660156, 20.79692840576172, 21.24042510986328, 21.683921813964844, 22.127418518066406, 22.570913314819336, 23.0144100189209, 23.45790672302246, 23.901403427124023, 24.344900131225586, 24.788394927978516, 25.231891632080078, 25.67538833618164, 26.11888313293457, 26.562379837036133, 27.005876541137695, 27.449373245239258, 27.89286994934082, 28.336366653442383]}, "gradients/log_std": {"_type": "histogram", "values": [0.0, 0.0, 0.0, 0.0, 0.0, 0.0, 0.0, 0.0, 0.0, 0.0, 0.0, 0.0, 0.0, 0.0, 0.0, 0.0, 0.0, 0.0, 0.0, 0.0, 0.0, 0.0, 0.0, 0.0, 0.0, 0.0, 0.0, 0.0, 0.0, 0.0, 0.0, 0.0, 1.0, 0.0, 0.0, 0.0, 0.0, 0.0, 0.0, 0.0, 0.0, 0.0, 0.0, 0.0, 0.0, 0.0, 0.0, 0.0, 0.0, 0.0, 0.0, 0.0, 0.0, 0.0, 0.0, 0.0, 0.0, 0.0, 0.0, 0.0, 0.0, 0.0, 0.0, 0.0], "bins": [3569.163818359375, 3569.163818359375, 3569.163818359375, 3569.163818359375, 3569.163818359375, 3569.163818359375, 3569.163818359375, 3569.163818359375, 3569.163818359375, 3569.163818359375, 3569.163818359375, 3569.163818359375, 3569.163818359375, 3569.163818359375, 3569.163818359375, 3569.163818359375, 3569.163818359375, 3569.163818359375, 3569.163818359375, 3569.163818359375, 3569.163818359375, 3569.163818359375, 3569.163818359375, 3569.163818359375, 3569.163818359375, 3569.163818359375, 3569.163818359375, 3569.163818359375, 3569.163818359375, 3569.163818359375, 3569.163818359375, 3569.163818359375, 3569.163818359375, 3569.163818359375, 3569.163818359375, 3569.163818359375, 3569.163818359375, 3569.163818359375, 3569.163818359375, 3569.163818359375, 3569.163818359375, 3569.163818359375, 3569.163818359375, 3569.163818359375, 3569.163818359375, 3569.163818359375, 3569.163818359375, 3569.163818359375, 3569.163818359375, 3569.163818359375, 3569.163818359375, 3569.163818359375, 3569.163818359375, 3569.163818359375, 3569.163818359375, 3569.163818359375, 3569.163818359375, 3569.163818359375, 3569.163818359375, 3569.163818359375, 3569.163818359375, 3569.163818359375, 3569.163818359375, 3569.163818359375, 3569.163818359375]}, "gradients/action_head.bias": {"_type": "histogram", "values": [0.0, 0.0, 0.0, 0.0, 0.0, 0.0, 0.0, 0.0, 0.0, 0.0, 0.0, 0.0, 0.0, 0.0, 0.0, 0.0, 0.0, 0.0, 0.0, 0.0, 0.0, 0.0, 0.0, 0.0, 0.0, 0.0, 0.0, 0.0, 0.0, 0.0, 0.0, 0.0, 1.0, 0.0, 0.0, 0.0, 0.0, 0.0, 0.0, 0.0, 0.0, 0.0, 0.0, 0.0, 0.0, 0.0, 0.0, 0.0, 0.0, 0.0, 0.0, 0.0, 0.0, 0.0, 0.0, 0.0, 0.0, 0.0, 0.0, 0.0, 0.0, 0.0, 0.0, 0.0], "bins": [-23.664457321166992, -23.664457321166992, -23.664457321166992, -23.664457321166992, -23.664457321166992, -23.664457321166992, -23.664457321166992, -23.664457321166992, -23.664457321166992, -23.664457321166992, -23.664457321166992, -23.664457321166992, -23.664457321166992, -23.664457321166992, -23.664457321166992, -23.664457321166992, -23.664457321166992, -23.664457321166992, -23.664457321166992, -23.664457321166992, -23.664457321166992, -23.664457321166992, -23.664457321166992, -23.664457321166992, -23.664457321166992, -23.664457321166992, -23.664457321166992, -23.664457321166992, -23.664457321166992, -23.664457321166992, -23.664457321166992, -23.664457321166992, -23.664457321166992, -23.664457321166992, -23.664457321166992, -23.664457321166992, -23.664457321166992, -23.664457321166992, -23.664457321166992, -23.664457321166992, -23.664457321166992, -23.664457321166992, -23.664457321166992, -23.664457321166992, -23.664457321166992, -23.664457321166992, -23.664457321166992, -23.664457321166992, -23.664457321166992, -23.664457321166992, -23.664457321166992, -23.664457321166992, -23.664457321166992, -23.664457321166992, -23.664457321166992, -23.664457321166992, -23.664457321166992, -23.664457321166992, -23.664457321166992, -23.664457321166992, -23.664457321166992, -23.664457321166992, -23.664457321166992, -23.664457321166992, -23.664457321166992]}, "gradients/action_head.weight": {"_type": "histogram", "values": [1.0, 0.0, 0.0, 0.0, 0.0, 0.0, 0.0, 0.0, 0.0, 0.0, 1.0, 0.0, 0.0, 0.0, 0.0, 0.0, 0.0, 0.0, 0.0, 0.0, 0.0, 0.0, 0.0, 0.0, 1.0, 0.0, 1.0, 0.0, 0.0, 0.0, 0.0, 0.0, 0.0, 0.0, 0.0, 0.0, 0.0, 0.0, 0.0, 2.0, 1.0, 3.0, 0.0, 1.0, 2.0, 0.0, 1.0, 2.0, 1.0, 1.0, 2.0, 0.0, 2.0, 0.0, 1.0, 1.0, 1.0, 1.0, 1.0, 1.0, 0.0, 1.0, 6.0, 221.0],