{"episode reward": 38, "_timestamp": 1657110402, "_runtime": 159, "_step": 49999, "Average reward": 58.65528589927113, "actor loss": -25.191627502441406, "critic loss": 3.091219186782837, "loss": -22.10040855407715, "gradients/value_head.bias": {"_type": "histogram", "values": [0.0, 0.0, 0.0, 0.0, 0.0, 0.0, 0.0, 0.0, 0.0, 0.0, 0.0, 0.0, 0.0, 0.0, 0.0, 0.0, 0.0, 0.0, 0.0, 0.0, 0.0, 0.0, 0.0, 0.0, 0.0, 0.0, 0.0, 0.0, 0.0, 0.0, 0.0, 0.0, 1.0, 0.0, 0.0, 0.0, 0.0, 0.0, 0.0, 0.0, 0.0, 0.0, 0.0, 0.0, 0.0, 0.0, 0.0, 0.0, 0.0, 0.0, 0.0, 0.0, 0.0, 0.0, 0.0, 0.0, 0.0, 0.0, 0.0, 0.0, 0.0, 0.0, 0.0, 0.0], "bins": [5.739766597747803, 5.739766597747803, 5.739766597747803, 5.739766597747803, 5.739766597747803, 5.739766597747803, 5.739766597747803, 5.739766597747803, 5.739766597747803, 5.739766597747803, 5.739766597747803, 5.739766597747803, 5.739766597747803, 5.739766597747803, 5.739766597747803, 5.739766597747803, 5.739766597747803, 5.739766597747803, 5.739766597747803, 5.739766597747803, 5.739766597747803, 5.739766597747803, 5.739766597747803, 5.739766597747803, 5.739766597747803, 5.739766597747803, 5.739766597747803, 5.739766597747803, 5.739766597747803, 5.739766597747803, 5.739766597747803, 5.739766597747803, 5.739766597747803, 5.739766597747803, 5.739766597747803, 5.739766597747803, 5.739766597747803, 5.739766597747803, 5.739766597747803, 5.739766597747803, 5.739766597747803, 5.739766597747803, 5.739766597747803, 5.739766597747803, 5.739766597747803, 5.739766597747803, 5.739766597747803, 5.739766597747803, 5.739766597747803, 5.739766597747803, 5.739766597747803, 5.739766597747803, 5.739766597747803, 5.739766597747803, 5.739766597747803, 5.739766597747803, 5.739766597747803, 5.739766597747803, 5.739766597747803, 5.739766597747803, 5.739766597747803, 5.739766597747803, 5.739766597747803, 5.739766597747803, 5.739766597747803]}, "gradients/value_head.weight": {"_type": "histogram", "values": [1.0, 1.0, 251.0, 0.0, 1.0, 0.0, 0.0, 0.0, 0.0, 0.0, 0.0, 0.0, 1.0, 0.0, 0.0, 0.0, 0.0, 0.0, 0.0, 0.0, 0.0, 0.0, 0.0, 0.0, 0.0, 0.0, 0.0, 0.0, 0.0, 0.0, 0.0, 0.0, 0.0, 0.0, 0.0, 0.0, 0.0, 0.0, 0.0, 0.0, 0.0, 0.0, 0.0, 0.0, 0.0, 0.0, 0.0, 0.0, 0.0, 0.0, 0.0, 0.0, 0.0, 0.0, 0.0, 0.0, 0.0, 0.0, 0.0, 0.0, 0.0, 0.0, 0.0, 1.0], "bins": [-0.9256978631019592, -0.6154913306236267, -0.3052847981452942, 0.00492173433303833, 0.31512826681137085, 0.6253347992897034, 0.9355413317680359, 1.2457478046417236, 1.5559544563293457, 1.8661609888076782, 2.1763675212860107, 2.486574172973633, 2.796780586242676, 3.1069869995117188, 3.417193651199341, 3.727400302886963, 4.037606716156006, 4.347813129425049, 4.65802001953125, 4.968226432800293, 5.278432846069336, 5.588639259338379, 5.898845672607422, 6.209052562713623, 6.519258975982666, 6.829465389251709, 7.13967227935791, 7.449878692626953, 7.760085105895996, 8.070291519165039, 8.380497932434082, 8.690704345703125, 9.000911712646484, 9.311118125915527, 9.62132453918457, 9.931530952453613, 10.241737365722656, 10.551944732666016, 10.862151145935059, 11.172357559204102, 11.482563972473145, 11.792770385742188, 12.10297679901123, 12.413183212280273, 12.723390579223633, 13.033596992492676, 13.343803405761719, 13.654009819030762, 13.964216232299805, 14.274422645568848, 14.58462905883789, 14.894835472106934, 15.205041885375977, 15.515249252319336, 15.825455665588379, 16.135662078857422, 16.44586944580078, 16.75607681274414, 17.066282272338867, 17.376489639282227, 17.686695098876953, 17.996902465820312, 18.30710792541504, 18.6173152923584, 18.927520751953125]}, "gradients/log_std": {"_type": "histogram", "values": [0.0, 0.0, 0.0, 0.0, 0.0, 0.0, 0.0, 0.0, 0.0, 0.0, 0.0, 0.0, 0.0, 0.0, 0.0, 0.0, 0.0, 0.0, 0.0, 0.0, 0.0, 0.0, 0.0, 0.0, 0.0, 0.0, 0.0, 0.0, 0.0, 0.0, 0.0, 0.0, 1.0, 0.0, 0.0, 0.0, 0.0, 0.0, 0.0, 0.0, 0.0, 0.0, 0.0, 0.0, 0.0, 0.0, 0.0, 0.0, 0.0, 0.0, 0.0, 0.0, 0.0, 0.0, 0.0, 0.0, 0.0, 0.0, 0.0, 0.0, 0.0, 0.0, 0.0, 0.0], "bins": [-0.7023144960403442, -0.7023144960403442, -0.7023144960403442, -0.7023144960403442, -0.7023144960403442, -0.7023144960403442, -0.7023144960403442, -0.7023144960403442, -0.7023144960403442, -0.7023144960403442, -0.7023144960403442, -0.7023144960403442, -0.7023144960403442, -0.7023144960403442, -0.7023144960403442, -0.7023144960403442, -0.7023144960403442, -0.7023144960403442, -0.7023144960403442, -0.7023144960403442, -0.7023144960403442, -0.7023144960403442, -0.7023144960403442, -0.7023144960403442, -0.7023144960403442, -0.7023144960403442, -0.7023144960403442, -0.7023144960403442, -0.7023144960403442, -0.7023144960403442, -0.7023144960403442, -0.7023144960403442, -0.7023144960403442, -0.7023144960403442, -0.7023144960403442, -0.7023144960403442, -0.7023144960403442, -0.7023144960403442, -0.7023144960403442, -0.7023144960403442, -0.7023144960403442, -0.7023144960403442, -0.7023144960403442, -0.7023144960403442, -0.7023144960403442, -0.7023144960403442, -0.7023144960403442, -0.7023144960403442, -0.7023144960403442, -0.7023144960403442, -0.7023144960403442, -0.7023144960403442, -0.7023144960403442, -0.7023144960403442, -0.7023144960403442, -0.7023144960403442, -0.7023144960403442, -0.7023144960403442, -0.7023144960403442, -0.7023144960403442, -0.7023144960403442, -0.7023144960403442, -0.7023144960403442, -0.7023144960403442, -0.7023144960403442]}, "gradients/action_head.bias": {"_type": "histogram", "values": [0.0, 0.0, 0.0, 0.0, 0.0, 0.0, 0.0, 0.0, 0.0, 0.0, 0.0, 0.0, 0.0, 0.0, 0.0, 0.0, 0.0, 0.0, 0.0, 0.0, 0.0, 0.0, 0.0, 0.0, 0.0, 0.0, 0.0, 0.0, 0.0, 0.0, 0.0, 1.0, 0.0, 0.0, 0.0, 0.0, 0.0, 0.0, 0.0, 0.0, 0.0, 0.0, 0.0, 0.0, 0.0, 0.0, 0.0, 0.0, 0.0, 0.0, 0.0, 0.0, 0.0, 0.0, 0.0, 0.0, 0.0, 0.0, 0.0, 0.0, 0.0, 0.0, 0.0, 0.0], "bins": [-0.32703715562820435, -0.32703715562820435, -0.32703715562820435, -0.32703715562820435, -0.32703715562820435, -0.32703715562820435, -0.32703715562820435, -0.32703715562820435, -0.32703715562820435, -0.32703715562820435, -0.32703715562820435, -0.32703715562820435, -0.32703715562820435, -0.32703715562820435, -0.32703715562820435, -0.32703715562820435, -0.32703715562820435, -0.32703715562820435, -0.32703715562820435, -0.32703715562820435, -0.32703715562820435, -0.32703715562820435, -0.32703715562820435, -0.32703715562820435, -0.32703715562820435, -0.32703715562820435, -0.32703715562820435, -0.32703715562820435, -0.32703715562820435, -0.32703715562820435, -0.32703715562820435, -0.32703715562820435, -0.32703715562820435, -0.32703715562820435, -0.32703715562820435, -0.32703715562820435, -0.32703715562820435, -0.32703715562820435, -0.32703715562820435, -0.32703715562820435, -0.32703715562820435, -0.32703715562820435, -0.32703715562820435, -0.32703715562820435, -0.32703715562820435, -0.32703715562820435, -0.32703715562820435, -0.32703715562820435, -0.32703715562820435, -0.32703715562820435, -0.32703715562820435, -0.32703715562820435, -0.32703715562820435, -0.32703715562820435, -0.32703715562820435, -0.32703715562820435, -0.32703715562820435, -0.32703715562820435, -0.32703715562820435, -0.32703715562820435, -0.32703715562820435, -0.32703715562820435, -0.32703715562820435, -0.32703715562820435, -0.32703715562820435]}, "gradients/action_head.weight": {"_type": "histogram", "values": [1.0, 0.0, 0.0, 0.0, 0.0, 0.0, 0.0, 0.0, 0.0, 0.0, 0.0, 0.0, 0.0, 0.0, 0.0, 0.0, 0.0, 0.0, 0.0, 0.0, 0.0, 0.0, 0.0, 0.0, 0.0, 0.0, 0.0, 0.0, 0.0, 0.0, 0.0, 0.0, 0.0, 0.0, 0.0, 0.0, 0.0, 0.0, 0.0, 0.0, 0.0, 0.0, 0.0, 0.0, 0.0, 0.0, 0.0, 0.0, 0.0, 0.0, 0.0, 0.0, 0.0, 0.0, 1.0, 0.0, 0.0, 0.0, 0.0, 0.0, 0.0, 0.0, 1.0, 253.0],